<?xml version="1.0" encoding="UTF-8" ?>
<extension type="package" version="2.5">
	<name>HD Template Package</name>
	<packagename>HD_Template_Package</packagename>
  	<version>1.0.0</version>
	<creationDate>09-11-14</creationDate>
	<copyright>Copyright (c) since 2007 Youjoomla.com. All rights reserved.</copyright>
	<license>http://www.gnu.org/licenses/gpl-2.0.html GNU/GPL</license>
	<author>YouJoomla.com</author>
	<authorEmail>youjoomla@gmail.com</authorEmail>
  	<authorUrl>http://www.youjoomla.com/</authorUrl>
  	<packager>Youjoomla.com</packager>
  	<packagerurl>http://www.youjoomla.com/</packagerurl>
  	<update>http://www.youjoomla.com/update</update>  
	<description>
		<![CDATA[<style type="text/css" media="all">#wrap1 {padding:10px 0;margin:20px auto;float:left;display:block;overflow:hidden;clear:both;max-width:500px;line-height:24px;height:auto!important;text-align:center!important;background:#F6F6F6;border:1px solid #DEDEDE;-webkit-box-sizing: border-box; -moz-box-sizing: border-box;box-sizing: border-box;}.admin_t_name {font-size:18px;display:block;clear:both;text-align:center!important;-webkit-box-sizing: border-box; -moz-box-sizing: border-box;box-sizing: border-box;margin:15px!important;}#wrap1 img {display:block;margin:0 auto;text-align:center!important;float:none!important;}.exinfo{font-size:14px;padding:10px;display:block;overflow:hidden;text-align:center!important;-webkit-box-sizing: border-box; -moz-box-sizing: border-box;box-sizing: border-box;}</style><div id="wrap1"><h2 class="admin_t_name">HD Joomla! Template Package</h2><img src="../templates/hd/template_thumbnail.png" /><h2 class="admin_t_name">is proudly powered by</h2><a href="http://www.yjsimplegrid.com" target="_blank"><span title="YJSimpleGrid Joomla! Template Framework by Youjoomla.com"><img src="../templates/hd/images/system/yjsg.png" border="0" title="Yjsglogo" alt="yjsglogo"/></span></a><h2 class="admin_t_name">YJSG Template Framework</h2><div class="exinfo">Thank you for downloading Youjoomla.com template. <br />For fast info visit following links: <br /><a href="http://yjsimplegrid.com/documentation/" target="_blank">Documentation</a> | <a href="http://www.joomlatemplates.youjoomla.info/hd/" target="_blank">Demo</a><br />If you need support please post new thread in our <a href="http://www.youjoomla.com/joomla_support/index.php" target="_blank">Forum</a>. <br />Have fun playing with your new template :) <br /><a href="http://www.youjoomla.com">Youjoomla.com</a></div></div>]]>
	</description>
  	<files folder="extensions">
    	<file type="template" id="hd" client="site">Template_Hdchannel-J17andUP.zip</file>
    	<file type="plugin" id="yjsg" group="system">Plugin_Yjsg_Framework.zip</file>
  	</files>
</extension>